{
  "version": 1,
  "author": "Anonymous maker",
  "editor": "wokwi",
  "parts": [
    { "type": "wokwi-esp32-devkit-v1", "id": "esp", "top": 128.2, "left": -690.59, "attrs": {} },
    {
      "type": "wokwi-resistor",
      "id": "r1",
      "top": 203.88,
      "left": -552.53,
      "rotate": 270,
      "attrs": { "value": "1000" }
    },
    {
      "type": "wokwi-led",
      "id": "led1",
      "top": 105.64,
      "left": -571.96,
      "attrs": { "color": "blue" }
    }
  ],
  "connections": [
    [ "esp:TX0", "$serialMonitor:RX", "", [] ],
    [ "esp:RX0", "$serialMonitor:TX", "", [] ],
    [ "r1:2", "led1:A", "green", [ "h0" ] ],
    [ "led1:C", "esp:GND.1", "green", [ "v0" ] ],
    [ "r1:1", "esp:D2", "green", [ "h0" ] ]
  ],
  "dependencies": {}
}